,todayid,id,time,temp,hum,dust
0,Today1,86,2022-06-10 01:00:00,25.1,54.5,141.6
1,Today2,73,2022-06-09 00:00:00,25.7,63.5,105.8
2,Today3,59,2022-06-11 17:00:00,25.0,20.6,134.9
3,Today4,50,2022-06-10 18:00:00,16.3,49.3,142.0
4,Today5,36,2022-06-09 21:00:00,25.1,10.5,35.0
5,Today6,23,2022-06-08 03:00:00,15.2,63.1,45.3
6,Today7,83,2022-06-08 16:00:00,28.0,78.4,109.7
7,Today8,45,2022-06-08 01:00:00,24.5,37.2,32.5
8,Today9,58,2022-06-09 13:00:00,22.5,40.8,57.2
9,Today10,71,2022-06-09 14:00:00,16.1,41.1,25.1
10,Today11,65,2022-06-11 07:00:00,29.5,65.7,127.2
11,Today12,76,2022-06-08 09:00:00,19.0,50.1,15.3
12,Today13,21,2022-06-09 07:00:00,16.6,22.0,105.4
13,Today14,59,2022-06-11 08:00:00,24.3,70.2,10.7
14,Today15,18,2022-06-11 06:00:00,21.5,13.9,89.6
15,Today16,38,2022-06-11 04:00:00,18.7,28.9,104.2
16,Today17,12,2022-06-10 14:00:00,20.1,69.0,148.4
17,Today18,59,2022-06-10 00:00:00,28.7,54.2,104.3
18,Today19,56,2022-06-10 15:00:00,20.6,27.9,120.3
19,Today20,5,2022-06-10 03:00:00,23.0,35.2,86.8
20,Today21,29,2022-06-09 11:00:00,29.1,59.8,88.4
21,Today22,67,2022-06-10 09:00:00,19.4,56.4,129.6
22,Today23,35,2022-06-11 14:00:00,23.7,35.0,17.3
23,Today24,40,2022-06-10 03:00:00,17.8,48.5,34.5
24,Today25,79,2022-06-08 13:00:00,19.6,45.9,66.7
25,Today26,25,2022-06-11 01:00:00,20.6,65.1,70.7
26,Today27,72,2022-06-11 02:00:00,27.9,40.4,17.2
27,Today28,10,2022-06-10 02:00:00,26.5,10.2,83.1
28,Today29,17,2022-06-09 06:00:00,19.5,51.2,27.0
29,Today30,27,2022-06-11 07:00:00,17.6,30.3,34.5
30,Today31,71,2022-06-10 06:00:00,29.7,76.3,25.5
31,Today32,90,2022-06-08 02:00:00,19.3,76.7,128.1
32,Today33,94,2022-06-11 12:00:00,20.6,53.6,18.5
33,Today34,83,2022-06-11 04:00:00,23.8,31.4,149.9
34,Today35,83,2022-06-11 08:00:00,21.6,68.3,44.1
35,Today36,77,2022-06-11 15:00:00,26.2,48.6,120.0
36,Today37,21,2022-06-10 06:00:00,26.0,24.2,115.2
37,Today38,70,2022-06-08 13:00:00,19.4,31.4,136.2
38,Today39,79,2022-06-11 18:00:00,20.8,19.0,53.0
39,Today40,49,2022-06-09 18:00:00,24.9,79.9,87.1
40,Today41,26,2022-06-09 20:00:00,20.0,34.3,76.3
41,Today42,46,2022-06-11 04:00:00,26.5,70.3,88.6
42,Today43,67,2022-06-11 20:00:00,23.4,33.8,17.0
43,Today44,89,2022-06-08 22:00:00,26.9,65.9,144.9
44,Today45,58,2022-06-08 11:00:00,29.0,52.0,106.5
45,Today46,67,2022-06-09 11:00:00,16.4,50.9,36.1
46,Today47,18,2022-06-08 01:00:00,26.1,46.9,39.2
47,Today48,28,2022-06-08 02:00:00,21.6,52.2,78.3
48,Today49,54,2022-06-11 23:00:00,21.3,74.7,76.7
49,Today50,59,2022-06-11 19:00:00,25.7,63.3,135.1
50,Today51,24,2022-06-11 19:00:00,20.6,72.6,108.2
51,Today52,35,2022-06-09 16:00:00,24.8,61.9,118.8
52,Today53,79,2022-06-08 17:00:00,19.4,74.3,50.6
53,Today54,67,2022-06-10 05:00:00,19.0,13.8,66.7
54,Today55,6,2022-06-10 16:00:00,26.1,21.4,144.7
55,Today56,81,2022-06-11 09:00:00,26.3,40.7,139.7
56,Today57,86,2022-06-11 03:00:00,28.1,43.6,41.4
57,Today58,54,2022-06-11 22:00:00,19.1,32.7,85.7
58,Today59,100,2022-06-09 13:00:00,24.8,48.3,135.5
59,Today60,5,2022-06-11 18:00:00,23.8,40.4,60.6
60,Today61,16,2022-06-10 11:00:00,21.2,73.4,79.3
61,Today62,83,2022-06-11 08:00:00,19.6,47.3,121.5
62,Today63,84,2022-06-10 09:00:00,16.3,20.4,46.7
63,Today64,68,2022-06-11 06:00:00,19.7,34.6,0.6
64,Today65,98,2022-06-09 18:00:00,22.6,19.9,93.7
65,Today66,10,2022-06-11 11:00:00,18.5,38.7,113.0
66,Today67,83,2022-06-09 00:00:00,29.1,21.9,65.0
67,Today68,9,2022-06-11 05:00:00,23.9,61.3,31.6
68,Today69,84,2022-06-10 05:00:00,30.0,78.0,62.1
69,Today70,5,2022-06-11 16:00:00,21.3,13.3,34.6
70,Today71,82,2022-06-10 17:00:00,19.4,68.6,148.8
71,Today72,79,2022-06-11 15:00:00,26.6,14.6,43.3
72,Today73,89,2022-06-08 22:00:00,23.1,79.7,31.8
73,Today74,100,2022-06-11 21:00:00,18.2,16.2,31.3
74,Today75,65,2022-06-10 07:00:00,21.2,67.8,12.4
75,Today76,18,2022-06-10 01:00:00,24.1,32.2,149.3
76,Today77,72,2022-06-11 07:00:00,22.4,34.7,124.0
77,Today78,32,2022-06-09 20:00:00,23.6,23.2,43.1
78,Today79,31,2022-06-08 12:00:00,29.7,29.9,43.4
79,Today80,22,2022-06-09 14:00:00,25.4,46.8,58.6
80,Today81,81,2022-06-09 14:00:00,26.4,25.6,108.8
81,Today82,87,2022-06-10 10:00:00,17.9,56.7,128.3
82,Today83,71,2022-06-11 03:00:00,29.0,71.4,42.2
83,Today84,65,2022-06-10 16:00:00,15.9,11.4,58.0
84,Today85,13,2022-06-12 00:00:00,20.0,39.6,14.9
85,Today86,81,2022-06-08 03:00:00,17.0,24.6,138.9
86,Today87,68,2022-06-08 10:00:00,19.1,34.9,55.3
87,Today88,94,2022-06-08 17:00:00,27.9,13.4,64.6
88,Today89,53,2022-06-08 16:00:00,25.1,32.0,74.4
89,Today90,64,2022-06-08 02:00:00,21.6,13.8,109.6
90,Today91,14,2022-06-10 02:00:00,22.7,40.9,28.9
91,Today92,27,2022-06-10 17:00:00,27.2,42.7,97.5
92,Today93,35,2022-06-11 00:00:00,23.7,58.4,121.9
93,Today94,8,2022-06-09 05:00:00,29.9,22.0,143.4
94,Today95,86,2022-06-09 15:00:00,23.6,11.3,43.3
95,Today96,33,2022-06-08 19:00:00,27.7,11.3,55.1
96,Today97,50,2022-06-11 08:00:00,15.4,56.8,26.5
97,Today98,12,2022-06-11 17:00:00,20.0,31.8,86.4
98,Today99,22,2022-06-08 15:00:00,23.5,19.2,82.7
99,Today100,85,2022-06-10 04:00:00,19.4,78.9,16.2
100,Today101,13,2022-06-11 19:00:00,24.0,16.4,64.7
101,Today102,96,2022-06-10 13:00:00,19.0,74.6,74.2
102,Today103,92,2022-06-10 12:00:00,24.6,18.7,133.3
103,Today104,14,2022-06-09 11:00:00,21.1,39.6,128.2
104,Today105,86,2022-06-10 18:00:00,20.7,74.2,57.3
105,Today106,1,2022-06-09 14:00:00,17.7,30.3,43.5
106,Today107,97,2022-06-11 12:00:00,26.7,75.1,5.6
107,Today108,30,2022-06-09 19:00:00,25.5,36.8,100.9
108,Today109,9,2022-06-11 21:00:00,15.8,19.0,143.7
109,Today110,97,2022-06-09 11:00:00,26.5,30.5,27.2
110,Today111,41,2022-06-10 04:00:00,25.3,59.8,93.6
111,Today112,38,2022-06-08 21:00:00,16.2,76.6,87.5
112,Today113,44,2022-06-10 05:00:00,21.6,23.3,120.6
113,Today114,37,2022-06-10 23:00:00,26.3,57.2,51.4
114,Today115,83,2022-06-11 01:00:00,18.4,61.1,88.8
115,Today116,81,2022-06-08 11:00:00,27.6,54.2,9.5
116,Today117,54,2022-06-12 00:00:00,22.3,45.4,68.0
117,Today118,84,2022-06-08 01:00:00,24.1,21.5,118.5
118,Today119,10,2022-06-10 11:00:00,24.8,45.9,116.9
119,Today120,45,2022-06-10 19:00:00,15.2,42.3,72.8
120,Today121,34,2022-06-10 10:00:00,19.0,28.2,91.0
121,Today122,47,2022-06-08 23:00:00,29.3,39.9,129.9
122,Today123,34,2022-06-10 02:00:00,24.6,13.3,53.6
123,Today124,49,2022-06-11 00:00:00,18.6,66.3,54.7
124,Today125,24,2022-06-09 20:00:00,29.7,26.6,18.6
125,Today126,46,2022-06-09 13:00:00,16.1,46.3,110.0
126,Today127,10,2022-06-09 20:00:00,25.3,27.9,59.6
127,Today128,8,2022-06-09 03:00:00,23.3,48.2,18.7
128,Today129,92,2022-06-09 08:00:00,23.9,54.7,84.7
129,Today130,9,2022-06-10 04:00:00,16.7,27.9,72.6
130,Today131,45,2022-06-08 20:00:00,26.0,37.3,109.9
131,Today132,98,2022-06-10 16:00:00,23.7,40.4,70.4
132,Today133,37,2022-06-09 07:00:00,28.7,39.4,31.4
133,Today134,8,2022-06-11 07:00:00,25.2,47.7,78.3
134,Today135,57,2022-06-10 07:00:00,25.0,64.7,80.8
135,Today136,8,2022-06-09 08:00:00,23.2,44.4,103.2
136,Today137,9,2022-06-10 19:00:00,21.9,42.1,148.4
137,Today138,9,2022-06-09 23:00:00,29.1,14.7,47.2
138,Today139,17,2022-06-11 14:00:00,24.8,66.4,116.1
139,Today140,80,2022-06-10 12:00:00,20.1,57.1,43.1
140,Today141,31,2022-06-11 01:00:00,18.8,49.2,69.2
141,Today142,51,2022-06-08 23:00:00,29.2,11.9,107.7
142,Today143,49,2022-06-11 01:00:00,25.2,50.7,130.8
143,Today144,24,2022-06-08 13:00:00,15.3,54.8,139.7
144,Today145,67,2022-06-11 16:00:00,22.7,42.3,120.3
145,Today146,42,2022-06-08 16:00:00,21.9,38.7,64.0
146,Today147,86,2022-06-09 14:00:00,26.7,13.7,24.3
147,Today148,32,2022-06-09 03:00:00,23.4,48.7,82.8
148,Today149,8,2022-06-08 10:00:00,21.3,78.3,106.3
149,Today150,23,2022-06-10 01:00:00,27.5,14.6,103.1
150,Today151,8,2022-06-10 13:00:00,26.3,62.1,134.4
151,Today152,14,2022-06-09 02:00:00,21.3,38.4,129.3
152,Today153,90,2022-06-09 05:00:00,19.4,41.9,94.5
153,Today154,100,2022-06-08 13:00:00,23.1,17.2,76.4
154,Today155,65,2022-06-11 07:00:00,26.7,59.8,124.7
155,Today156,76,2022-06-09 09:00:00,28.1,66.2,0.1
156,Today157,71,2022-06-08 05:00:00,16.2,53.5,4.6
157,Today158,2,2022-06-10 05:00:00,23.5,41.9,21.5
158,Today159,46,2022-06-11 01:00:00,29.6,32.9,53.9
159,Today160,89,2022-06-09 17:00:00,28.0,76.8,100.9
160,Today161,9,2022-06-11 22:00:00,18.0,57.6,95.7
161,Today162,63,2022-06-10 17:00:00,19.5,74.8,63.5
162,Today163,1,2022-06-08 09:00:00,18.9,54.1,4.0
163,Today164,13,2022-06-08 11:00:00,19.5,59.2,26.2
164,Today165,17,2022-06-10 00:00:00,26.5,42.0,136.7
165,Today166,78,2022-06-09 14:00:00,25.8,73.4,25.6
166,Today167,98,2022-06-11 13:00:00,20.6,56.7,107.9
167,Today168,42,2022-06-08 19:00:00,16.6,60.2,93.7
168,Today169,90,2022-06-10 01:00:00,25.3,20.2,99.1
169,Today170,54,2022-06-10 21:00:00,28.3,46.5,127.0
170,Today171,22,2022-06-08 15:00:00,24.7,70.4,76.1
171,Today172,35,2022-06-10 12:00:00,18.2,20.5,0.9
172,Today173,52,2022-06-10 12:00:00,27.2,37.7,117.8
173,Today174,64,2022-06-10 04:00:00,19.5,77.0,87.3
174,Today175,76,2022-06-10 16:00:00,22.0,71.6,134.9
175,Today176,56,2022-06-11 08:00:00,24.6,11.6,20.7
176,Today177,62,2022-06-09 23:00:00,28.3,67.4,7.2
177,Today178,92,2022-06-11 23:00:00,16.8,51.0,127.2
178,Today179,88,2022-06-10 19:00:00,28.2,61.1,67.5
179,Today180,59,2022-06-10 13:00:00,27.0,19.4,22.3
180,Today181,69,2022-06-10 15:00:00,23.5,13.8,145.4
181,Today182,74,2022-06-09 01:00:00,27.6,61.7,75.3
182,Today183,63,2022-06-09 04:00:00,19.9,22.4,45.7
183,Today184,55,2022-06-10 15:00:00,17.5,51.8,45.0
184,Today185,34,2022-06-10 15:00:00,15.0,55.8,39.3
185,Today186,60,2022-06-11 23:00:00,29.9,43.4,118.9
186,Today187,70,2022-06-08 19:00:00,25.7,60.5,70.3
187,Today188,19,2022-06-11 04:00:00,23.5,63.7,76.6
188,Today189,80,2022-06-08 19:00:00,23.7,68.5,34.5
189,Today190,1,2022-06-09 04:00:00,18.8,40.6,52.8
190,Today191,49,2022-06-08 12:00:00,17.2,15.8,105.8
191,Today192,42,2022-06-08 22:00:00,29.2,31.5,77.7
192,Today193,71,2022-06-11 22:00:00,24.1,10.5,47.8
193,Today194,98,2022-06-11 04:00:00,23.5,55.4,19.0
194,Today195,65,2022-06-09 14:00:00,24.2,77.6,23.6
195,Today196,58,2022-06-08 08:00:00,19.3,35.3,148.9
196,Today197,99,2022-06-09 12:00:00,15.9,13.6,3.4
197,Today198,48,2022-06-11 17:00:00,22.1,23.9,33.5
198,Today199,69,2022-06-10 11:00:00,21.0,65.4,89.1
199,Today200,51,2022-06-10 14:00:00,29.6,51.4,85.6
200,Today201,94,2022-06-08 14:00:00,25.6,28.7,41.8
201,Today202,68,2022-06-08 22:00:00,25.1,44.1,69.9
202,Today203,4,2022-06-11 04:00:00,21.8,20.8,68.8
203,Today204,92,2022-06-10 17:00:00,25.6,19.8,93.0
204,Today205,28,2022-06-11 09:00:00,25.3,77.1,67.5
205,Today206,26,2022-06-10 22:00:00,17.7,27.7,108.3
206,Today207,33,2022-06-09 10:00:00,19.7,31.6,93.0
207,Today208,75,2022-06-12 00:00:00,19.2,64.3,75.2
208,Today209,17,2022-06-08 05:00:00,18.1,74.4,54.9
209,Today210,76,2022-06-11 11:00:00,15.9,21.5,19.3
210,Today211,34,2022-06-11 05:00:00,25.9,12.7,57.9
211,Today212,3,2022-06-11 17:00:00,15.3,17.5,49.5
212,Today213,65,2022-06-08 14:00:00,27.1,30.5,49.8
213,Today214,73,2022-06-10 08:00:00,26.6,15.1,57.5
214,Today215,57,2022-06-10 14:00:00,25.0,30.1,61.7
215,Today216,16,2022-06-09 03:00:00,25.0,40.7,10.5
216,Today217,72,2022-06-10 08:00:00,17.3,57.6,53.7
217,Today218,5,2022-06-09 02:00:00,24.8,29.6,73.5
218,Today219,35,2022-06-11 12:00:00,15.2,25.7,137.3
219,Today220,60,2022-06-11 07:00:00,25.5,58.5,132.6
220,Today221,28,2022-06-08 04:00:00,23.7,35.4,5.1
221,Today222,38,2022-06-08 08:00:00,19.4,13.8,92.7
222,Today223,65,2022-06-08 16:00:00,17.2,64.6,14.6
223,Today224,76,2022-06-09 10:00:00,27.0,64.7,70.0
224,Today225,9,2022-06-08 06:00:00,25.2,77.9,149.5
225,Today226,57,2022-06-08 05:00:00,27.2,73.9,55.1
226,Today227,13,2022-06-09 03:00:00,19.0,18.5,75.5
227,Today228,23,2022-06-11 01:00:00,15.3,26.8,99.7
228,Today229,81,2022-06-09 23:00:00,21.5,70.4,117.8
229,Today230,39,2022-06-08 11:00:00,24.2,68.3,120.8
230,Today231,45,2022-06-09 15:00:00,23.0,52.6,61.9
231,Today232,22,2022-06-11 03:00:00,26.3,77.7,86.3
232,Today233,31,2022-06-09 22:00:00,24.3,77.5,58.9
233,Today234,26,2022-06-10 23:00:00,26.6,53.9,29.6
234,Today235,38,2022-06-09 23:00:00,17.1,73.0,31.0
235,Today236,65,2022-06-10 18:00:00,16.2,69.3,19.2
236,Today237,11,2022-06-10 07:00:00,18.3,76.1,62.4
237,Today238,36,2022-06-08 01:00:00,22.3,13.0,114.6
238,Today239,58,2022-06-09 08:00:00,28.0,58.5,8.2
239,Today240,40,2022-06-10 10:00:00,19.2,36.3,101.2
240,Today241,36,2022-06-11 10:00:00,21.1,25.5,141.4
241,Today242,43,2022-06-08 07:00:00,19.4,57.8,103.8
242,Today243,25,2022-06-11 05:00:00,25.4,72.0,101.0
243,Today244,79,2022-06-11 04:00:00,29.2,53.3,46.8
244,Today245,70,2022-06-11 08:00:00,17.7,21.6,136.2
245,Today246,47,2022-06-10 18:00:00,28.0,66.7,55.3
246,Today247,20,2022-06-08 00:00:00,24.7,16.3,129.2
247,Today248,88,2022-06-08 06:00:00,16.9,58.5,17.3
248,Today249,41,2022-06-09 12:00:00,18.7,20.8,11.2
249,Today250,28,2022-06-10 01:00:00,16.6,48.6,45.7
250,Today251,82,2022-06-08 21:00:00,21.5,78.7,45.0
251,Today252,5,2022-06-10 03:00:00,24.7,62.3,123.8
252,Today253,23,2022-06-11 12:00:00,27.4,71.4,96.3
253,Today254,30,2022-06-10 03:00:00,20.1,48.5,41.2
254,Today255,9,2022-06-08 20:00:00,26.1,58.1,54.7
255,Today256,60,2022-06-10 23:00:00,17.7,56.3,82.0
256,Today257,98,2022-06-09 01:00:00,20.8,77.7,62.1
257,Today258,14,2022-06-10 03:00:00,25.8,12.0,103.5
258,Today259,5,2022-06-11 15:00:00,16.9,33.4,14.2
259,Today260,73,2022-06-09 01:00:00,18.0,45.4,126.1
260,Today261,19,2022-06-09 11:00:00,25.6,40.6,104.9
261,Today262,62,2022-06-09 01:00:00,26.0,26.2,143.1
262,Today263,15,2022-06-11 21:00:00,21.9,40.8,134.0
263,Today264,53,2022-06-10 00:00:00,23.9,17.4,36.4
264,Today265,59,2022-06-10 22:00:00,25.6,31.7,59.8
265,Today266,52,2022-06-11 16:00:00,18.6,74.7,9.2
266,Today267,92,2022-06-08 15:00:00,26.2,52.5,1.2
267,Today268,12,2022-06-09 23:00:00,22.4,79.1,144.6
268,Today269,42,2022-06-11 06:00:00,26.2,44.2,40.7
269,Today270,47,2022-06-09 20:00:00,24.6,26.8,92.1
270,Today271,46,2022-06-10 10:00:00,23.0,73.2,51.7
271,Today272,95,2022-06-09 19:00:00,23.5,49.4,49.0
272,Today273,75,2022-06-09 21:00:00,17.8,45.1,118.0
273,Today274,97,2022-06-09 13:00:00,15.8,32.1,111.2
274,Today275,51,2022-06-08 17:00:00,26.0,16.9,11.4
275,Today276,93,2022-06-10 01:00:00,24.7,56.4,81.6
276,Today277,97,2022-06-11 10:00:00,26.4,58.4,148.4
277,Today278,93,2022-06-09 01:00:00,25.1,26.5,95.2
278,Today279,12,2022-06-10 17:00:00,24.7,69.4,109.1
279,Today280,23,2022-06-09 06:00:00,23.7,38.3,131.7
280,Today281,45,2022-06-08 07:00:00,27.6,16.9,7.8
281,Today282,24,2022-06-08 15:00:00,21.9,22.6,74.3
282,Today283,98,2022-06-08 08:00:00,21.5,59.3,41.9
283,Today284,88,2022-06-08 08:00:00,30.0,17.6,114.6
284,Today285,19,2022-06-11 23:00:00,19.9,66.7,5.2
285,Today286,17,2022-06-08 23:00:00,28.1,59.0,45.0
286,Today287,12,2022-06-08 00:00:00,21.5,64.5,139.1
287,Today288,65,2022-06-11 17:00:00,22.2,23.4,113.0
288,Today289,97,2022-06-09 22:00:00,25.4,70.0,19.7
289,Today290,42,2022-06-09 01:00:00,24.0,72.9,76.0
290,Today291,82,2022-06-11 05:00:00,16.2,55.6,8.4
291,Today292,52,2022-06-09 15:00:00,29.1,68.3,135.4
292,Today293,43,2022-06-11 18:00:00,15.6,53.0,6.4
293,Today294,95,2022-06-09 22:00:00,23.4,22.6,128.4
294,Today295,53,2022-06-08 00:00:00,27.0,79.5,59.9
295,Today296,34,2022-06-10 06:00:00,29.4,30.5,96.6
296,Today297,78,2022-06-08 04:00:00,19.5,56.6,107.0
297,Today298,72,2022-06-08 14:00:00,16.9,69.2,95.7
298,Today299,89,2022-06-08 22:00:00,26.7,70.0,98.4
299,Today300,75,2022-06-08 07:00:00,22.7,47.0,133.4
300,Today301,70,2022-06-09 08:00:00,23.7,17.4,28.7
301,Today302,45,2022-06-11 12:00:00,28.5,29.5,141.2
302,Today303,94,2022-06-09 20:00:00,17.5,45.9,74.6
303,Today304,92,2022-06-10 06:00:00,18.4,29.9,62.9
304,Today305,57,2022-06-10 06:00:00,28.9,31.8,52.6
305,Today306,74,2022-06-09 03:00:00,24.2,44.4,128.7
306,Today307,45,2022-06-08 05:00:00,19.8,16.2,90.1
307,Today308,58,2022-06-09 17:00:00,17.0,37.3,10.5
308,Today309,15,2022-06-11 04:00:00,16.4,59.6,118.6
309,Today310,73,2022-06-10 10:00:00,17.7,37.6,1.8
310,Today311,41,2022-06-09 13:00:00,17.8,26.2,90.3
311,Today312,68,2022-06-10 22:00:00,29.3,14.7,27.7
312,Today313,22,2022-06-09 05:00:00,22.9,24.9,137.2
313,Today314,7,2022-06-10 09:00:00,29.6,56.9,44.5
314,Today315,66,2022-06-11 07:00:00,16.4,33.9,144.8
315,Today316,41,2022-06-08 16:00:00,15.1,18.9,129.6
316,Today317,28,2022-06-08 23:00:00,22.5,44.5,105.1
317,Today318,77,2022-06-10 11:00:00,26.4,19.0,95.6
318,Today319,24,2022-06-09 06:00:00,23.6,16.1,69.5
319,Today320,14,2022-06-11 03:00:00,28.7,51.7,43.1
320,Today321,63,2022-06-09 22:00:00,21.6,75.4,67.4
321,Today322,38,2022-06-10 01:00:00,16.3,53.8,34.8
322,Today323,1,2022-06-09 12:00:00,18.5,48.1,1.4
323,Today324,76,2022-06-10 12:00:00,21.8,14.6,133.3
324,Today325,51,2022-06-10 08:00:00,16.5,53.0,1.8
325,Today326,58,2022-06-09 12:00:00,25.5,20.0,123.2
326,Today327,36,2022-06-08 23:00:00,27.2,36.3,149.2
327,Today328,84,2022-06-08 04:00:00,24.9,64.2,5.7
328,Today329,20,2022-06-08 16:00:00,24.0,27.5,73.9
329,Today330,90,2022-06-09 22:00:00,20.5,37.0,47.0
330,Today331,99,2022-06-10 06:00:00,19.2,47.8,49.7
331,Today332,99,2022-06-09 07:00:00,29.1,58.0,122.8
332,Today333,29,2022-06-09 16:00:00,19.0,12.5,70.8
333,Today334,98,2022-06-11 21:00:00,27.7,27.5,35.8
334,Today335,9,2022-06-11 12:00:00,23.0,25.6,41.5
335,Today336,38,2022-06-09 23:00:00,17.4,10.2,56.4
336,Today337,77,2022-06-08 10:00:00,28.9,58.3,37.9
337,Today338,3,2022-06-08 00:00:00,19.3,68.9,66.9
338,Today339,70,2022-06-08 07:00:00,19.2,62.3,2.4
339,Today340,63,2022-06-09 22:00:00,28.0,14.3,72.5
340,Today341,91,2022-06-09 18:00:00,25.6,15.7,49.3
341,Today342,87,2022-06-11 12:00:00,18.3,28.6,34.8
342,Today343,97,2022-06-09 01:00:00,27.5,22.1,120.6
343,Today344,66,2022-06-10 02:00:00,22.2,11.5,104.6
344,Today345,99,2022-06-09 23:00:00,15.0,14.9,98.1
345,Today346,31,2022-06-11 01:00:00,20.1,50.6,143.1
346,Today347,53,2022-06-09 00:00:00,16.5,79.8,94.5
347,Today348,90,2022-06-09 02:00:00,28.2,59.4,92.3
348,Today349,15,2022-06-10 01:00:00,25.5,42.5,88.5
349,Today350,87,2022-06-10 08:00:00,20.0,24.7,81.1
350,Today351,84,2022-06-08 02:00:00,17.6,47.1,132.8
351,Today352,69,2022-06-09 08:00:00,23.0,22.3,112.8
352,Today353,100,2022-06-10 16:00:00,24.6,12.7,15.2
353,Today354,89,2022-06-11 11:00:00,18.1,16.0,85.4
354,Today355,23,2022-06-10 23:00:00,26.8,62.7,71.4
355,Today356,60,2022-06-09 09:00:00,19.0,23.3,29.5
356,Today357,45,2022-06-09 17:00:00,16.8,69.7,83.9
357,Today358,47,2022-06-10 01:00:00,21.8,72.2,59.6
358,Today359,78,2022-06-11 21:00:00,19.8,50.9,78.6
359,Today360,1,2022-06-11 07:00:00,22.2,77.1,34.3
360,Today361,47,2022-06-09 01:00:00,20.3,24.1,66.9
361,Today362,86,2022-06-09 03:00:00,23.0,47.6,122.6
362,Today363,44,2022-06-08 00:00:00,15.7,14.0,32.1
363,Today364,62,2022-06-09 05:00:00,21.6,60.1,139.1
364,Today365,84,2022-06-09 07:00:00,27.6,60.2,145.3
365,Today366,71,2022-06-11 14:00:00,15.4,67.4,113.2
366,Today367,38,2022-06-09 18:00:00,26.0,53.7,94.0
367,Today368,42,2022-06-09 01:00:00,15.4,18.0,127.8
368,Today369,51,2022-06-10 03:00:00,18.6,30.6,120.4
369,Today370,72,2022-06-11 21:00:00,23.3,41.4,126.7
370,Today371,2,2022-06-11 10:00:00,20.8,75.6,103.3
371,Today372,94,2022-06-10 09:00:00,18.6,52.0,127.5
372,Today373,97,2022-06-08 02:00:00,21.0,69.9,139.1
373,Today374,35,2022-06-10 13:00:00,24.7,49.0,65.1
374,Today375,57,2022-06-09 01:00:00,29.6,48.7,29.5
375,Today376,28,2022-06-10 20:00:00,28.7,69.2,89.0
376,Today377,18,2022-06-09 23:00:00,17.5,39.2,88.9
377,Today378,36,2022-06-11 22:00:00,22.2,44.8,111.0
378,Today379,60,2022-06-08 03:00:00,16.7,32.6,63.7
379,Today380,5,2022-06-11 00:00:00,22.4,10.9,137.0
380,Today381,20,2022-06-10 10:00:00,17.7,47.0,96.0
381,Today382,16,2022-06-08 04:00:00,18.2,52.0,28.5
382,Today383,25,2022-06-09 05:00:00,19.9,70.4,45.1
383,Today384,76,2022-06-08 03:00:00,24.8,73.0,36.8
384,Today385,42,2022-06-11 07:00:00,20.4,13.3,49.7
385,Today386,74,2022-06-09 22:00:00,18.9,56.8,82.8
386,Today387,87,2022-06-08 23:00:00,23.5,44.9,79.7
387,Today388,41,2022-06-11 10:00:00,23.5,72.9,123.7
388,Today389,58,2022-06-08 23:00:00,15.8,74.5,78.5
389,Today390,67,2022-06-11 15:00:00,29.4,58.5,12.8
390,Today391,33,2022-06-10 07:00:00,17.9,15.7,30.3
391,Today392,60,2022-06-11 06:00:00,21.2,36.9,36.3
392,Today393,8,2022-06-10 07:00:00,15.9,36.7,58.0
393,Today394,5,2022-06-11 23:00:00,27.9,70.8,38.0
394,Today395,9,2022-06-11 21:00:00,24.6,62.9,56.1
395,Today396,97,2022-06-11 20:00:00,19.9,29.6,99.1
396,Today397,56,2022-06-11 20:00:00,29.8,73.7,0.2
397,Today398,69,2022-06-09 18:00:00,15.3,25.5,65.8
398,Today399,59,2022-06-11 09:00:00,19.3,79.7,18.3
399,Today400,68,2022-06-10 17:00:00,16.7,45.9,59.7
400,Today401,46,2022-06-11 15:00:00,17.3,79.9,58.7
401,Today402,33,2022-06-10 08:00:00,29.9,13.1,27.5
402,Today403,53,2022-06-08 09:00:00,21.3,33.8,9.0
403,Today404,53,2022-06-08 17:00:00,25.6,30.3,119.8
404,Today405,91,2022-06-08 21:00:00,20.3,47.6,41.7
405,Today406,58,2022-06-09 15:00:00,21.0,33.3,149.4
406,Today407,26,2022-06-10 13:00:00,21.2,17.2,116.1
407,Today408,88,2022-06-11 00:00:00,28.7,49.3,77.8
408,Today409,9,2022-06-10 07:00:00,26.9,21.0,59.2
409,Today410,47,2022-06-09 17:00:00,26.1,75.8,56.5
410,Today411,61,2022-06-08 22:00:00,27.4,29.8,0.9
411,Today412,80,2022-06-09 13:00:00,24.0,75.0,40.9
412,Today413,42,2022-06-08 21:00:00,25.4,46.5,10.7
413,Today414,4,2022-06-09 00:00:00,24.6,48.7,115.8
414,Today415,46,2022-06-11 09:00:00,25.1,12.8,112.5
415,Today416,18,2022-06-10 17:00:00,22.9,29.3,141.8
416,Today417,83,2022-06-08 12:00:00,19.4,10.5,126.8
417,Today418,75,2022-06-09 08:00:00,23.3,55.1,65.6
418,Today419,48,2022-06-08 21:00:00,23.2,29.8,124.2
419,Today420,86,2022-06-09 11:00:00,22.6,41.8,15.9
420,Today421,58,2022-06-08 10:00:00,29.8,42.1,145.0
421,Today422,42,2022-06-11 14:00:00,24.1,76.5,49.7
422,Today423,81,2022-06-10 23:00:00,15.6,61.6,143.1
423,Today424,82,2022-06-11 00:00:00,19.5,25.5,140.8
424,Today425,88,2022-06-09 10:00:00,23.9,30.6,138.2
425,Today426,24,2022-06-11 11:00:00,26.0,22.9,18.2
426,Today427,94,2022-06-11 02:00:00,29.7,68.5,112.8
427,Today428,61,2022-06-10 19:00:00,30.0,40.0,32.0
428,Today429,24,2022-06-10 07:00:00,22.4,75.4,142.0
429,Today430,55,2022-06-09 13:00:00,21.4,58.5,39.1
430,Today431,47,2022-06-08 07:00:00,15.0,31.6,149.3
431,Today432,36,2022-06-10 17:00:00,26.6,59.5,138.2
432,Today433,73,2022-06-08 08:00:00,19.6,62.8,88.3
433,Today434,19,2022-06-11 18:00:00,29.8,55.2,99.4
434,Today435,65,2022-06-08 01:00:00,17.1,17.1,64.6
435,Today436,44,2022-06-11 22:00:00,20.3,61.2,78.6
436,Today437,83,2022-06-08 12:00:00,21.3,34.2,29.1
437,Today438,95,2022-06-08 03:00:00,25.9,66.1,119.2
438,Today439,87,2022-06-10 11:00:00,24.2,65.0,45.1
439,Today440,26,2022-06-11 14:00:00,28.8,24.8,50.8
440,Today441,29,2022-06-10 09:00:00,29.3,11.7,60.9
441,Today442,67,2022-06-09 20:00:00,17.0,75.4,33.5
442,Today443,12,2022-06-11 07:00:00,29.6,50.6,79.8
443,Today444,42,2022-06-09 22:00:00,24.9,17.2,133.0
444,Today445,58,2022-06-11 05:00:00,27.2,58.5,70.2
445,Today446,26,2022-06-11 14:00:00,23.6,38.4,89.8
446,Today447,64,2022-06-08 22:00:00,27.1,57.6,19.5
447,Today448,66,2022-06-10 06:00:00,29.3,41.6,39.5
448,Today449,42,2022-06-09 07:00:00,25.3,40.1,127.1
449,Today450,50,2022-06-11 22:00:00,22.0,78.3,103.8
450,Today451,60,2022-06-09 04:00:00,23.5,55.6,64.5
451,Today452,27,2022-06-11 06:00:00,26.2,47.1,72.1
452,Today453,68,2022-06-10 14:00:00,18.0,67.5,130.5
453,Today454,57,2022-06-08 05:00:00,16.8,71.2,46.2
454,Today455,42,2022-06-10 02:00:00,27.4,74.1,0.7
455,Today456,93,2022-06-09 17:00:00,27.7,59.0,93.2
456,Today457,58,2022-06-10 02:00:00,29.5,23.3,76.7
457,Today458,96,2022-06-08 01:00:00,20.2,79.1,35.6
458,Today459,95,2022-06-08 01:00:00,27.8,56.6,71.3
459,Today460,79,2022-06-08 18:00:00,19.1,20.9,147.4
460,Today461,11,2022-06-11 01:00:00,23.7,28.3,75.5
461,Today462,88,2022-06-08 14:00:00,17.8,44.7,123.6
462,Today463,57,2022-06-11 12:00:00,19.3,61.2,135.1
463,Today464,76,2022-06-11 08:00:00,22.0,74.7,122.8
464,Today465,23,2022-06-10 19:00:00,17.1,76.7,104.1
465,Today466,82,2022-06-08 23:00:00,15.5,34.9,113.8
466,Today467,43,2022-06-09 15:00:00,22.4,25.7,35.9
467,Today468,91,2022-06-11 11:00:00,23.3,25.1,15.2
468,Today469,44,2022-06-09 22:00:00,20.9,63.3,131.7
469,Today470,23,2022-06-10 03:00:00,22.8,53.8,3.6
470,Today471,49,2022-06-09 00:00:00,28.7,71.7,85.1
471,Today472,60,2022-06-11 09:00:00,24.4,22.5,37.9
472,Today473,42,2022-06-08 18:00:00,27.2,17.7,87.7
473,Today474,90,2022-06-11 02:00:00,25.5,28.4,31.4
474,Today475,90,2022-06-08 08:00:00,22.1,61.1,61.6
475,Today476,60,2022-06-08 04:00:00,24.4,11.5,22.2
476,Today477,62,2022-06-09 06:00:00,19.2,41.4,115.3
477,Today478,78,2022-06-09 12:00:00,17.6,28.2,113.5
478,Today479,32,2022-06-09 17:00:00,21.9,32.2,107.3
479,Today480,65,2022-06-09 07:00:00,18.5,16.8,71.0
480,Today481,57,2022-06-09 10:00:00,27.9,57.6,127.7
481,Today482,39,2022-06-09 02:00:00,19.3,35.3,116.3
482,Today483,31,2022-06-08 14:00:00,22.9,75.5,15.8
483,Today484,65,2022-06-11 01:00:00,15.9,18.7,48.5
484,Today485,68,2022-06-10 00:00:00,23.8,39.0,107.7
485,Today486,32,2022-06-09 23:00:00,26.3,14.7,145.3
486,Today487,83,2022-06-08 01:00:00,15.8,27.4,123.0
487,Today488,94,2022-06-08 16:00:00,16.4,74.2,76.3
488,Today489,13,2022-06-08 11:00:00,25.2,39.6,1.3
489,Today490,52,2022-06-11 14:00:00,18.2,53.9,28.6
490,Today491,70,2022-06-10 08:00:00,24.3,69.9,62.2
491,Today492,66,2022-06-10 19:00:00,18.6,30.9,52.7
492,Today493,68,2022-06-08 11:00:00,20.7,64.3,65.8
493,Today494,11,2022-06-08 12:00:00,25.8,39.7,84.4
494,Today495,43,2022-06-09 18:00:00,15.0,50.0,56.4
495,Today496,14,2022-06-09 04:00:00,18.5,18.5,22.5
496,Today497,68,2022-06-10 20:00:00,29.0,62.2,15.6
497,Today498,39,2022-06-10 08:00:00,23.5,54.3,2.3
498,Today499,74,2022-06-11 02:00:00,16.5,40.4,35.2
499,Today500,64,2022-06-10 21:00:00,21.7,52.3,142.2
500,Today501,48,2022-06-10 20:00:00,22.2,61.4,32.6
501,Today502,74,2022-06-10 09:00:00,17.0,30.2,68.4
502,Today503,12,2022-06-10 01:00:00,19.6,26.8,137.1
503,Today504,77,2022-06-10 17:00:00,17.5,55.2,62.7
504,Today505,86,2022-06-08 20:00:00,19.8,68.8,100.8
505,Today506,85,2022-06-09 20:00:00,24.6,56.3,34.8
506,Today507,41,2022-06-10 01:00:00,23.2,31.1,93.8
507,Today508,8,2022-06-09 20:00:00,19.9,15.3,23.4
508,Today509,7,2022-06-10 01:00:00,16.6,41.1,28.2
509,Today510,30,2022-06-08 11:00:00,26.6,21.1,96.5
510,Today511,50,2022-06-10 00:00:00,24.5,23.3,11.0
511,Today512,95,2022-06-09 17:00:00,20.1,47.9,30.7
512,Today513,32,2022-06-11 09:00:00,25.1,47.2,8.7
513,Today514,13,2022-06-09 20:00:00,21.4,73.3,40.2
514,Today515,50,2022-06-09 15:00:00,17.3,75.3,6.1
515,Today516,91,2022-06-09 17:00:00,27.6,30.8,127.3
516,Today517,37,2022-06-08 15:00:00,28.8,51.5,70.4
517,Today518,29,2022-06-11 10:00:00,22.2,21.9,119.6
518,Today519,50,2022-06-08 19:00:00,17.5,69.7,133.1
519,Today520,56,2022-06-10 22:00:00,20.4,16.8,38.4
520,Today521,62,2022-06-09 03:00:00,22.6,28.7,62.2
521,Today522,87,2022-06-08 18:00:00,24.5,67.7,130.6
522,Today523,78,2022-06-08 17:00:00,23.8,67.4,74.3
523,Today524,86,2022-06-10 11:00:00,26.0,50.3,64.6
524,Today525,22,2022-06-08 12:00:00,15.5,19.6,111.4
525,Today526,98,2022-06-09 17:00:00,21.0,71.1,2.6
526,Today527,78,2022-06-08 23:00:00,22.7,43.1,67.6
527,Today528,66,2022-06-10 20:00:00,29.2,25.3,44.4
528,Today529,91,2022-06-08 06:00:00,19.0,70.9,102.0
529,Today530,38,2022-06-11 16:00:00,19.8,48.7,53.1
530,Today531,80,2022-06-11 04:00:00,21.5,13.0,88.0
531,Today532,96,2022-06-12 00:00:00,20.7,47.7,60.9
532,Today533,3,2022-06-10 10:00:00,19.4,36.9,133.0
533,Today534,59,2022-06-08 04:00:00,22.6,31.9,4.2
534,Today535,93,2022-06-08 02:00:00,28.7,65.1,69.4
535,Today536,2,2022-06-11 09:00:00,29.4,75.6,0.6
536,Today537,98,2022-06-10 08:00:00,15.3,54.0,81.8
537,Today538,67,2022-06-10 10:00:00,21.5,58.8,36.5
538,Today539,46,2022-06-09 04:00:00,16.5,50.7,91.5
539,Today540,20,2022-06-11 23:00:00,26.8,29.4,38.8
540,Today541,7,2022-06-11 05:00:00,17.1,44.9,96.4
541,Today542,12,2022-06-10 00:00:00,25.7,19.0,28.3
542,Today543,62,2022-06-09 14:00:00,16.1,17.0,50.4
543,Today544,18,2022-06-11 04:00:00,20.9,54.1,142.1
544,Today545,21,2022-06-09 16:00:00,21.6,66.8,48.0
545,Today546,11,2022-06-09 16:00:00,17.5,74.2,45.7
546,Today547,89,2022-06-09 22:00:00,17.9,23.5,126.1
547,Today548,67,2022-06-08 22:00:00,29.8,45.4,128.3
548,Today549,76,2022-06-08 21:00:00,28.2,34.2,7.3
549,Today550,21,2022-06-09 19:00:00,22.0,65.3,137.8
550,Today551,82,2022-06-11 17:00:00,23.5,48.2,33.4
551,Today552,21,2022-06-09 00:00:00,18.2,63.1,98.3
552,Today553,62,2022-06-08 12:00:00,16.8,28.2,135.2
553,Today554,31,2022-06-09 13:00:00,21.1,48.2,40.8
554,Today555,80,2022-06-09 05:00:00,19.0,29.4,121.2
555,Today556,16,2022-06-11 04:00:00,23.9,61.7,92.9
556,Today557,56,2022-06-10 17:00:00,23.6,65.3,6.2
557,Today558,45,2022-06-10 10:00:00,27.2,75.5,143.0
558,Today559,47,2022-06-08 22:00:00,18.1,20.2,64.9
559,Today560,77,2022-06-09 21:00:00,28.7,20.7,127.3
560,Today561,6,2022-06-11 11:00:00,28.2,16.2,145.5
561,Today562,2,2022-06-08 02:00:00,23.0,74.2,73.0
562,Today563,85,2022-06-11 00:00:00,20.9,66.4,19.3
563,Today564,78,2022-06-09 16:00:00,16.8,22.0,100.0
564,Today565,67,2022-06-09 18:00:00,22.4,23.3,73.3
565,Today566,40,2022-06-09 03:00:00,19.9,38.1,19.7
566,Today567,40,2022-06-09 18:00:00,27.0,72.4,3.3
567,Today568,31,2022-06-09 23:00:00,20.1,19.7,136.4
568,Today569,62,2022-06-09 17:00:00,27.1,50.9,55.3
569,Today570,50,2022-06-09 01:00:00,15.3,27.2,36.3
570,Today571,93,2022-06-11 15:00:00,21.5,22.0,30.6
571,Today572,88,2022-06-09 14:00:00,16.8,18.3,107.9
572,Today573,4,2022-06-09 15:00:00,21.0,17.9,88.6
573,Today574,48,2022-06-11 14:00:00,18.6,25.4,124.3
574,Today575,69,2022-06-11 11:00:00,15.5,58.1,85.7
575,Today576,19,2022-06-09 15:00:00,24.7,39.8,145.9
576,Today577,45,2022-06-09 02:00:00,16.8,56.4,7.7
577,Today578,47,2022-06-08 01:00:00,17.2,24.8,3.1
578,Today579,72,2022-06-09 03:00:00,24.3,10.1,84.4
579,Today580,6,2022-06-08 02:00:00,20.4,30.0,80.7
580,Today581,80,2022-06-08 14:00:00,16.0,59.0,149.1
581,Today582,65,2022-06-10 03:00:00,18.6,62.4,7.3
582,Today583,56,2022-06-11 08:00:00,26.5,10.9,118.1
583,Today584,59,2022-06-10 17:00:00,20.1,54.6,123.3
584,Today585,35,2022-06-08 03:00:00,16.8,63.1,144.9
585,Today586,43,2022-06-10 05:00:00,25.9,59.0,112.7
586,Today587,21,2022-06-10 18:00:00,19.1,63.5,112.0
587,Today588,61,2022-06-11 04:00:00,28.9,34.4,7.2
588,Today589,40,2022-06-09 05:00:00,23.4,60.7,91.2
589,Today590,33,2022-06-09 18:00:00,20.3,76.3,11.4
590,Today591,75,2022-06-10 21:00:00,18.2,27.1,62.6
591,Today592,81,2022-06-10 16:00:00,21.6,69.5,26.2
592,Today593,50,2022-06-08 13:00:00,28.6,76.1,130.5
593,Today594,8,2022-06-09 02:00:00,16.8,33.3,72.6
594,Today595,50,2022-06-08 20:00:00,20.3,22.0,42.0
595,Today596,1,2022-06-09 03:00:00,21.7,10.1,74.9
596,Today597,32,2022-06-09 15:00:00,25.7,56.1,59.6
597,Today598,70,2022-06-10 05:00:00,25.9,56.9,63.7
598,Today599,95,2022-06-10 22:00:00,29.3,34.2,78.9
599,Today600,71,2022-06-08 07:00:00,21.9,37.2,58.8
600,Today601,24,2022-06-11 20:00:00,28.8,54.6,106.7
601,Today602,15,2022-06-09 06:00:00,27.1,17.8,103.8
602,Today603,93,2022-06-09 18:00:00,21.1,69.0,3.2
603,Today604,16,2022-06-11 12:00:00,19.1,55.3,117.0
604,Today605,83,2022-06-09 19:00:00,24.3,16.5,60.7
605,Today606,40,2022-06-09 05:00:00,22.5,71.2,114.5
606,Today607,14,2022-06-08 20:00:00,28.8,62.3,86.3
607,Today608,56,2022-06-11 15:00:00,23.0,65.9,74.6
608,Today609,88,2022-06-11 07:00:00,15.3,46.4,73.3
609,Today610,60,2022-06-11 16:00:00,16.3,37.4,30.2
610,Today611,77,2022-06-08 11:00:00,23.7,32.7,111.4
611,Today612,69,2022-06-10 05:00:00,30.0,51.2,0.0
612,Today613,89,2022-06-10 21:00:00,23.9,66.2,15.5
613,Today614,53,2022-06-11 00:00:00,17.6,63.3,126.3
614,Today615,21,2022-06-11 08:00:00,25.7,29.6,13.5
615,Today616,40,2022-06-08 01:00:00,21.1,16.7,17.1
616,Today617,97,2022-06-11 21:00:00,22.7,19.4,110.3
617,Today618,52,2022-06-08 12:00:00,21.2,15.9,140.7
618,Today619,5,2022-06-10 09:00:00,17.0,64.7,25.7
619,Today620,23,2022-06-11 03:00:00,21.1,39.0,32.5
620,Today621,36,2022-06-10 22:00:00,27.9,52.5,26.2
621,Today622,67,2022-06-08 03:00:00,25.8,60.5,0.0
622,Today623,6,2022-06-08 18:00:00,25.8,51.0,76.3
623,Today624,13,2022-06-12 00:00:00,23.7,79.5,107.5
624,Today625,80,2022-06-08 14:00:00,23.8,33.4,139.2
625,Today626,35,2022-06-11 13:00:00,15.8,57.5,50.9
626,Today627,20,2022-06-11 03:00:00,26.1,68.2,62.6
627,Today628,85,2022-06-10 05:00:00,17.7,67.5,144.8
628,Today629,83,2022-06-10 18:00:00,29.1,32.1,59.7
629,Today630,59,2022-06-10 09:00:00,16.7,61.3,67.6
630,Today631,6,2022-06-10 05:00:00,24.9,25.7,138.4
631,Today632,80,2022-06-10 17:00:00,19.6,61.6,35.8
632,Today633,64,2022-06-09 13:00:00,28.5,26.0,66.0
633,Today634,30,2022-06-09 01:00:00,24.6,66.4,7.4
634,Today635,93,2022-06-08 03:00:00,26.8,47.8,122.6
635,Today636,85,2022-06-11 02:00:00,19.6,76.7,61.1
636,Today637,74,2022-06-08 13:00:00,16.8,69.1,135.8
637,Today638,75,2022-06-10 18:00:00,25.1,59.1,31.5
638,Today639,99,2022-06-08 00:00:00,18.9,35.8,7.4
639,Today640,22,2022-06-10 03:00:00,16.9,35.5,123.9
640,Today641,82,2022-06-10 14:00:00,28.9,48.8,100.9
641,Today642,39,2022-06-11 02:00:00,15.0,28.1,67.3
642,Today643,3,2022-06-09 17:00:00,29.0,25.2,115.2
643,Today644,80,2022-06-08 01:00:00,23.8,45.5,56.2
644,Today645,83,2022-06-11 06:00:00,25.0,51.6,125.3
645,Today646,25,2022-06-08 15:00:00,27.4,19.6,50.7
646,Today647,45,2022-06-11 07:00:00,15.0,54.8,44.5
647,Today648,28,2022-06-11 06:00:00,29.3,52.2,68.4
648,Today649,56,2022-06-08 21:00:00,16.4,27.7,91.6
649,Today650,25,2022-06-08 22:00:00,21.8,40.0,138.3
650,Today651,32,2022-06-09 04:00:00,29.4,27.1,143.8
651,Today652,100,2022-06-10 19:00:00,26.7,29.9,22.3
652,Today653,66,2022-06-08 20:00:00,20.2,74.5,49.1
653,Today654,1,2022-06-12 00:00:00,24.8,48.5,23.5
654,Today655,66,2022-06-08 14:00:00,18.4,56.9,12.4
655,Today656,40,2022-06-12 00:00:00,17.7,12.3,100.4
656,Today657,59,2022-06-11 05:00:00,29.4,48.0,1.5
657,Today658,71,2022-06-09 09:00:00,28.0,30.7,93.9
658,Today659,50,2022-06-08 18:00:00,25.2,35.0,101.1
659,Today660,30,2022-06-11 17:00:00,28.5,60.6,75.9
660,Today661,94,2022-06-09 22:00:00,21.9,69.4,118.6
661,Today662,21,2022-06-11 14:00:00,22.3,79.9,140.6
662,Today663,90,2022-06-09 15:00:00,22.3,46.2,139.4
663,Today664,55,2022-06-10 13:00:00,20.6,25.5,142.7
664,Today665,99,2022-06-10 11:00:00,16.3,60.7,85.1
665,Today666,60,2022-06-11 19:00:00,23.8,35.2,130.7
666,Today667,46,2022-06-10 04:00:00,23.5,13.6,11.6
667,Today668,47,2022-06-10 14:00:00,15.1,74.8,31.6
668,Today669,38,2022-06-08 08:00:00,22.4,24.4,40.5
669,Today670,45,2022-06-11 02:00:00,28.9,32.6,130.9
670,Today671,48,2022-06-11 19:00:00,15.9,72.8,43.2
671,Today672,83,2022-06-09 08:00:00,16.0,46.2,99.1
672,Today673,90,2022-06-11 14:00:00,28.0,53.6,51.6
673,Today674,48,2022-06-09 04:00:00,25.0,28.3,28.3
674,Today675,83,2022-06-08 12:00:00,17.0,20.7,18.3
675,Today676,50,2022-06-08 02:00:00,23.1,23.2,70.4
676,Today677,24,2022-06-10 01:00:00,18.9,35.0,100.2
677,Today678,58,2022-06-09 03:00:00,23.6,49.3,33.4
678,Today679,18,2022-06-11 14:00:00,28.9,59.9,10.1
679,Today680,8,2022-06-11 08:00:00,28.5,71.9,136.2
680,Today681,63,2022-06-09 09:00:00,26.0,62.9,44.4
681,Today682,16,2022-06-10 05:00:00,24.6,43.6,74.5
682,Today683,13,2022-06-08 15:00:00,23.6,35.8,55.5
683,Today684,74,2022-06-10 07:00:00,19.9,51.1,136.6
684,Today685,29,2022-06-10 19:00:00,24.7,68.3,86.0
685,Today686,22,2022-06-10 12:00:00,24.1,54.3,99.5
686,Today687,2,2022-06-09 21:00:00,20.9,63.6,105.1
687,Today688,49,2022-06-11 18:00:00,29.9,78.5,145.5
688,Today689,35,2022-06-10 08:00:00,24.9,49.2,67.4
689,Today690,91,2022-06-09 22:00:00,18.1,61.7,124.6
690,Today691,98,2022-06-11 18:00:00,15.1,77.6,43.7
691,Today692,57,2022-06-11 16:00:00,27.0,28.8,66.8
692,Today693,6,2022-06-09 10:00:00,23.3,13.9,52.9
693,Today694,90,2022-06-11 13:00:00,28.4,74.2,133.5
694,Today695,79,2022-06-11 12:00:00,20.7,79.0,122.3
695,Today696,54,2022-06-08 15:00:00,28.2,61.4,107.6
696,Today697,22,2022-06-11 18:00:00,15.6,46.9,103.1
697,Today698,99,2022-06-09 14:00:00,17.0,80.0,77.2
698,Today699,31,2022-06-08 00:00:00,23.1,24.6,79.7
699,Today700,3,2022-06-11 12:00:00,18.7,27.2,56.8
700,Today701,14,2022-06-09 13:00:00,23.3,12.0,18.3
701,Today702,18,2022-06-09 22:00:00,25.3,45.7,20.0
702,Today703,54,2022-06-09 14:00:00,24.6,27.4,95.4
703,Today704,100,2022-06-08 01:00:00,24.5,63.1,106.0
704,Today705,98,2022-06-08 21:00:00,22.8,42.5,31.4
705,Today706,23,2022-06-09 08:00:00,29.5,76.8,113.2
706,Today707,13,2022-06-09 03:00:00,17.4,38.7,55.5
707,Today708,65,2022-06-08 16:00:00,16.1,56.6,87.3
708,Today709,84,2022-06-08 07:00:00,30.0,65.2,38.2
709,Today710,96,2022-06-11 01:00:00,20.2,13.8,113.9
710,Today711,25,2022-06-09 05:00:00,15.6,58.5,122.1
711,Today712,52,2022-06-11 01:00:00,28.2,36.9,53.5
712,Today713,94,2022-06-10 15:00:00,21.0,69.6,13.4
713,Today714,6,2022-06-10 00:00:00,27.4,70.6,51.6
714,Today715,60,2022-06-08 22:00:00,18.1,69.9,9.6
715,Today716,64,2022-06-09 08:00:00,28.0,73.4,5.2
716,Today717,45,2022-06-08 22:00:00,28.2,71.6,73.4
717,Today718,5,2022-06-11 10:00:00,18.7,22.2,145.8
718,Today719,53,2022-06-10 06:00:00,19.5,62.3,64.4
719,Today720,1,2022-06-11 22:00:00,16.4,70.0,50.5
720,Today721,21,2022-06-09 01:00:00,29.0,67.6,89.5
721,Today722,31,2022-06-08 04:00:00,22.0,73.4,72.4
722,Today723,15,2022-06-08 12:00:00,21.5,67.0,28.7
723,Today724,26,2022-06-08 16:00:00,25.6,29.3,149.3
724,Today725,88,2022-06-10 00:00:00,27.8,41.6,140.0
725,Today726,35,2022-06-11 03:00:00,15.3,14.0,109.7
726,Today727,39,2022-06-08 12:00:00,26.8,57.0,128.1
727,Today728,71,2022-06-08 06:00:00,23.7,69.6,81.2
728,Today729,67,2022-06-10 07:00:00,29.2,57.5,7.0
729,Today730,4,2022-06-09 11:00:00,24.2,23.0,145.6
730,Today731,98,2022-06-08 09:00:00,25.8,40.5,135.3
731,Today732,43,2022-06-09 08:00:00,16.8,61.2,44.9
732,Today733,36,2022-06-08 08:00:00,25.7,53.3,108.5
733,Today734,33,2022-06-11 02:00:00,24.5,38.2,131.0
734,Today735,63,2022-06-08 06:00:00,27.5,66.1,10.0
735,Today736,42,2022-06-09 16:00:00,17.7,76.6,142.7
736,Today737,53,2022-06-11 01:00:00,25.7,64.2,81.1
737,Today738,35,2022-06-08 08:00:00,22.3,60.1,78.5
738,Today739,2,2022-06-10 10:00:00,25.0,55.9,43.3
739,Today740,79,2022-06-11 18:00:00,19.0,32.9,19.3
740,Today741,86,2022-06-10 10:00:00,29.5,55.1,52.7
741,Today742,73,2022-06-08 03:00:00,22.1,37.4,49.1
742,Today743,87,2022-06-09 01:00:00,23.1,11.6,91.0
743,Today744,35,2022-06-10 17:00:00,28.0,15.2,106.9
744,Today745,25,2022-06-09 23:00:00,28.2,44.9,10.0
745,Today746,86,2022-06-10 09:00:00,21.9,79.3,97.9
746,Today747,77,2022-06-08 21:00:00,20.1,77.8,3.0
747,Today748,19,2022-06-09 05:00:00,24.6,19.7,99.9
748,Today749,93,2022-06-10 01:00:00,27.8,41.6,34.1
749,Today750,35,2022-06-10 01:00:00,22.8,65.8,76.1
750,Today751,6,2022-06-08 13:00:00,19.1,30.5,60.9
751,Today752,35,2022-06-08 22:00:00,16.2,15.7,3.6
752,Today753,1,2022-06-09 15:00:00,20.8,39.5,113.9
753,Today754,32,2022-06-08 03:00:00,16.5,35.9,79.2
754,Today755,3,2022-06-08 16:00:00,20.8,12.2,92.7
755,Today756,38,2022-06-10 21:00:00,26.8,34.7,23.4
756,Today757,23,2022-06-09 04:00:00,25.8,66.4,123.2
757,Today758,97,2022-06-08 23:00:00,27.2,74.6,91.8
758,Today759,1,2022-06-10 12:00:00,15.2,12.5,87.7
759,Today760,23,2022-06-11 11:00:00,19.2,55.1,29.2
760,Today761,73,2022-06-10 19:00:00,21.1,34.8,140.0
761,Today762,60,2022-06-09 04:00:00,15.6,57.6,86.1
762,Today763,29,2022-06-09 23:00:00,16.0,64.2,91.3
763,Today764,66,2022-06-10 07:00:00,15.4,29.8,92.5
764,Today765,13,2022-06-10 23:00:00,25.6,66.8,127.9
765,Today766,99,2022-06-08 18:00:00,15.7,79.8,22.0
766,Today767,36,2022-06-11 20:00:00,18.9,75.9,87.1
767,Today768,95,2022-06-11 02:00:00,24.4,43.6,73.4
768,Today769,22,2022-06-11 16:00:00,25.8,64.7,135.7
769,Today770,11,2022-06-11 17:00:00,26.6,72.6,13.7
770,Today771,48,2022-06-08 20:00:00,27.0,66.0,57.3
771,Today772,82,2022-06-10 22:00:00,23.0,69.2,125.4
772,Today773,67,2022-06-10 07:00:00,22.2,73.9,54.9
773,Today774,41,2022-06-11 04:00:00,23.0,10.6,44.7
774,Today775,76,2022-06-11 03:00:00,28.5,71.4,127.6
775,Today776,67,2022-06-11 02:00:00,28.0,30.5,69.9
776,Today777,93,2022-06-11 17:00:00,24.5,73.4,36.6
777,Today778,46,2022-06-11 15:00:00,28.7,25.2,89.5
778,Today779,67,2022-06-11 11:00:00,29.8,57.0,46.8
779,Today780,23,2022-06-08 03:00:00,26.6,11.7,123.2
780,Today781,98,2022-06-10 22:00:00,16.3,26.0,6.2
781,Today782,48,2022-06-08 02:00:00,22.5,35.0,71.6
782,Today783,87,2022-06-10 20:00:00,17.2,33.4,126.2
783,Today784,31,2022-06-10 06:00:00,17.9,25.6,7.2
784,Today785,82,2022-06-11 04:00:00,15.2,22.5,56.8
785,Today786,71,2022-06-11 19:00:00,26.3,59.9,12.7
786,Today787,93,2022-06-11 17:00:00,30.0,40.2,47.1
787,Today788,44,2022-06-09 05:00:00,16.0,38.4,37.9
788,Today789,51,2022-06-10 16:00:00,19.5,24.5,131.3
789,Today790,73,2022-06-09 07:00:00,21.1,29.7,129.1
790,Today791,58,2022-06-10 11:00:00,24.0,35.7,106.2
791,Today792,44,2022-06-11 23:00:00,22.5,69.9,64.8
792,Today793,1,2022-06-11 13:00:00,23.8,52.9,118.9
793,Today794,25,2022-06-08 19:00:00,25.4,77.5,112.5
794,Today795,79,2022-06-09 05:00:00,21.5,78.4,48.7
795,Today796,86,2022-06-08 19:00:00,25.1,52.5,58.3
796,Today797,7,2022-06-10 09:00:00,28.7,49.9,127.3
797,Today798,67,2022-06-11 16:00:00,29.6,66.6,58.2
798,Today799,57,2022-06-09 17:00:00,19.0,62.9,139.2
799,Today800,36,2022-06-10 18:00:00,28.7,79.8,33.0
800,Today801,39,2022-06-11 08:00:00,28.2,49.5,70.4
801,Today802,97,2022-06-11 13:00:00,27.7,77.6,116.0
802,Today803,91,2022-06-08 21:00:00,24.8,38.3,33.7
803,Today804,69,2022-06-11 04:00:00,18.3,37.6,141.4
804,Today805,86,2022-06-11 00:00:00,19.0,73.6,136.1
805,Today806,42,2022-06-10 07:00:00,27.8,53.2,22.8
806,Today807,5,2022-06-08 21:00:00,23.2,78.3,97.0
807,Today808,4,2022-06-09 13:00:00,19.1,25.4,49.9
808,Today809,90,2022-06-08 01:00:00,24.2,19.3,50.4
809,Today810,78,2022-06-10 03:00:00,29.3,60.6,98.4
810,Today811,76,2022-06-08 04:00:00,23.9,10.3,28.9
811,Today812,15,2022-06-10 09:00:00,23.6,35.8,138.1
812,Today813,79,2022-06-11 11:00:00,15.3,72.0,127.1
813,Today814,31,2022-06-10 15:00:00,21.0,25.1,38.3
814,Today815,89,2022-06-11 14:00:00,21.7,73.2,142.8
815,Today816,81,2022-06-11 21:00:00,18.9,42.6,62.5
816,Today817,77,2022-06-10 19:00:00,19.8,54.8,145.6
817,Today818,37,2022-06-08 01:00:00,26.6,36.8,118.8
818,Today819,22,2022-06-11 09:00:00,17.6,44.2,141.9
819,Today820,23,2022-06-08 23:00:00,16.5,11.0,95.0
820,Today821,27,2022-06-11 23:00:00,29.4,51.7,4.1
821,Today822,44,2022-06-10 01:00:00,28.1,16.6,70.5
822,Today823,81,2022-06-08 08:00:00,25.9,20.6,79.0
823,Today824,90,2022-06-08 06:00:00,16.7,44.3,42.5
824,Today825,49,2022-06-10 23:00:00,20.7,57.1,45.8
825,Today826,1,2022-06-08 15:00:00,29.7,66.1,41.7
826,Today827,83,2022-06-09 17:00:00,20.0,31.0,145.9
827,Today828,31,2022-06-09 23:00:00,23.4,31.0,13.0
828,Today829,50,2022-06-09 12:00:00,29.5,14.6,70.4
829,Today830,45,2022-06-08 14:00:00,22.5,25.3,146.7
830,Today831,31,2022-06-08 17:00:00,15.8,24.4,76.1
831,Today832,35,2022-06-08 16:00:00,26.6,17.4,97.3
832,Today833,68,2022-06-10 19:00:00,24.6,17.2,11.4
833,Today834,1,2022-06-11 16:00:00,29.6,47.8,45.6
834,Today835,20,2022-06-09 05:00:00,19.4,40.8,118.4
835,Today836,90,2022-06-09 17:00:00,28.1,62.7,25.8
836,Today837,49,2022-06-09 09:00:00,28.9,19.0,149.7
837,Today838,87,2022-06-09 11:00:00,20.3,66.0,98.8
838,Today839,29,2022-06-10 07:00:00,25.2,59.9,50.5
839,Today840,20,2022-06-11 16:00:00,17.4,23.9,128.3
840,Today841,44,2022-06-09 00:00:00,18.4,25.2,41.2
841,Today842,71,2022-06-09 18:00:00,24.8,22.1,141.1
842,Today843,32,2022-06-10 05:00:00,21.5,65.3,142.9
843,Today844,66,2022-06-08 18:00:00,23.9,77.3,107.8
844,Today845,24,2022-06-11 16:00:00,15.8,18.2,26.4
845,Today846,12,2022-06-09 13:00:00,18.0,32.6,14.9
846,Today847,92,2022-06-08 04:00:00,19.0,70.0,29.6
847,Today848,93,2022-06-10 15:00:00,29.1,76.7,54.7
848,Today849,32,2022-06-10 02:00:00,16.4,12.6,21.2
849,Today850,31,2022-06-08 04:00:00,23.3,34.2,99.1
850,Today851,77,2022-06-10 17:00:00,24.6,21.7,116.8
851,Today852,41,2022-06-11 15:00:00,18.9,23.2,76.8
852,Today853,54,2022-06-09 09:00:00,22.0,69.9,58.4
853,Today854,84,2022-06-11 08:00:00,25.6,77.8,141.3
854,Today855,88,2022-06-10 20:00:00,17.1,52.9,103.1
855,Today856,54,2022-06-09 06:00:00,20.4,34.2,25.7
856,Today857,13,2022-06-09 18:00:00,15.1,22.5,125.2
857,Today858,41,2022-06-11 00:00:00,25.2,67.2,97.6
858,Today859,50,2022-06-08 14:00:00,27.3,31.3,84.4
859,Today860,38,2022-06-09 13:00:00,20.7,27.3,43.5
860,Today861,95,2022-06-11 18:00:00,26.9,52.8,73.3
861,Today862,85,2022-06-08 04:00:00,18.1,46.7,42.1
862,Today863,79,2022-06-11 22:00:00,20.8,47.8,141.3
863,Today864,2,2022-06-11 10:00:00,25.0,75.7,48.5
864,Today865,12,2022-06-08 03:00:00,19.6,13.2,147.4
865,Today866,5,2022-06-10 20:00:00,29.0,13.9,47.7
866,Today867,83,2022-06-10 05:00:00,24.5,16.4,28.0
867,Today868,89,2022-06-09 21:00:00,21.0,38.8,130.8
868,Today869,44,2022-06-09 22:00:00,19.2,25.5,136.5
869,Today870,93,2022-06-08 14:00:00,18.3,45.7,18.1
870,Today871,99,2022-06-11 21:00:00,22.3,31.7,128.2
871,Today872,57,2022-06-11 22:00:00,19.5,17.7,89.8
872,Today873,16,2022-06-08 11:00:00,17.2,62.1,51.6
873,Today874,65,2022-06-11 17:00:00,26.6,12.7,87.3
874,Today875,61,2022-06-10 11:00:00,29.9,38.2,17.0
875,Today876,28,2022-06-09 03:00:00,19.1,22.2,136.6
876,Today877,45,2022-06-11 14:00:00,27.8,19.5,147.2
877,Today878,5,2022-06-10 20:00:00,16.7,62.2,149.4
878,Today879,40,2022-06-10 13:00:00,18.3,20.9,91.4
879,Today880,12,2022-06-10 11:00:00,28.4,60.1,50.7
880,Today881,76,2022-06-09 02:00:00,23.4,76.6,31.7
881,Today882,88,2022-06-10 05:00:00,27.5,44.5,68.7
882,Today883,39,2022-06-09 20:00:00,23.1,54.7,121.1
883,Today884,65,2022-06-08 05:00:00,28.1,66.8,64.2
884,Today885,77,2022-06-08 20:00:00,25.7,60.3,129.1
885,Today886,26,2022-06-09 13:00:00,24.5,53.4,31.4
886,Today887,88,2022-06-10 03:00:00,29.1,19.0,40.6
887,Today888,19,2022-06-11 16:00:00,21.4,30.3,32.7
888,Today889,45,2022-06-08 10:00:00,20.7,39.7,14.7
889,Today890,38,2022-06-11 02:00:00,18.2,35.7,55.4
890,Today891,52,2022-06-11 01:00:00,16.8,67.4,56.1
891,Today892,98,2022-06-09 06:00:00,27.3,57.2,67.9
892,Today893,14,2022-06-11 13:00:00,26.7,74.7,133.3
893,Today894,54,2022-06-10 12:00:00,25.7,62.2,0.8
894,Today895,51,2022-06-11 03:00:00,20.8,54.9,132.1
895,Today896,85,2022-06-10 00:00:00,19.2,66.6,78.2
896,Today897,9,2022-06-11 00:00:00,21.1,79.1,73.9
897,Today898,45,2022-06-11 22:00:00,28.6,21.8,80.2
898,Today899,1,2022-06-10 21:00:00,26.5,56.7,80.2
899,Today900,52,2022-06-09 15:00:00,23.6,42.1,41.1
900,Today901,94,2022-06-08 21:00:00,18.4,73.4,62.5
901,Today902,73,2022-06-09 14:00:00,28.2,66.5,24.4
902,Today903,82,2022-06-09 07:00:00,15.5,22.3,79.0
903,Today904,81,2022-06-10 19:00:00,29.0,32.3,78.0
904,Today905,91,2022-06-08 02:00:00,25.2,24.8,65.6
905,Today906,78,2022-06-09 07:00:00,24.8,50.5,18.4
906,Today907,1,2022-06-10 20:00:00,18.6,30.8,63.9
907,Today908,58,2022-06-08 03:00:00,17.7,26.8,64.1
908,Today909,76,2022-06-08 05:00:00,25.3,50.1,8.7
909,Today910,69,2022-06-09 05:00:00,26.7,53.5,70.7
910,Today911,99,2022-06-09 22:00:00,26.5,77.1,77.8
911,Today912,46,2022-06-08 14:00:00,19.1,70.3,77.4
912,Today913,85,2022-06-09 01:00:00,26.1,33.0,146.8
913,Today914,12,2022-06-09 18:00:00,28.1,13.0,85.0
914,Today915,78,2022-06-09 19:00:00,23.4,51.2,77.5
915,Today916,98,2022-06-10 01:00:00,26.4,31.1,38.3
916,Today917,63,2022-06-10 23:00:00,23.5,45.1,136.6
917,Today918,75,2022-06-09 09:00:00,29.8,50.1,55.8
918,Today919,50,2022-06-09 17:00:00,17.4,67.5,99.9
919,Today920,67,2022-06-11 20:00:00,23.8,43.0,55.5
920,Today921,32,2022-06-08 09:00:00,15.9,52.1,113.4
921,Today922,36,2022-06-10 06:00:00,21.6,34.0,7.2
922,Today923,92,2022-06-08 11:00:00,29.1,64.8,28.9
923,Today924,71,2022-06-09 09:00:00,15.3,59.4,106.9
924,Today925,22,2022-06-09 21:00:00,24.8,71.8,47.5
925,Today926,25,2022-06-10 20:00:00,28.6,44.4,95.9
926,Today927,12,2022-06-09 20:00:00,17.2,42.2,95.6
927,Today928,6,2022-06-11 13:00:00,21.2,28.8,92.2
928,Today929,84,2022-06-09 04:00:00,17.1,71.4,1.8
929,Today930,74,2022-06-11 01:00:00,16.4,59.4,85.2
930,Today931,61,2022-06-09 07:00:00,28.5,53.1,44.4
931,Today932,1,2022-06-10 07:00:00,24.4,72.5,72.5
932,Today933,82,2022-06-08 03:00:00,25.1,20.6,95.0
933,Today934,95,2022-06-11 11:00:00,28.0,73.1,46.1
934,Today935,50,2022-06-10 07:00:00,24.1,53.8,89.9
935,Today936,49,2022-06-11 18:00:00,23.1,12.5,0.1
936,Today937,49,2022-06-11 14:00:00,29.5,62.5,33.0
937,Today938,1,2022-06-10 12:00:00,24.0,19.0,111.8
938,Today939,14,2022-06-12 00:00:00,22.8,71.5,69.0
939,Today940,93,2022-06-11 07:00:00,23.4,40.1,106.9
940,Today941,31,2022-06-08 02:00:00,20.9,32.7,96.9
941,Today942,74,2022-06-10 20:00:00,15.9,70.7,57.0
942,Today943,7,2022-06-11 09:00:00,26.1,24.3,78.7
943,Today944,30,2022-06-10 19:00:00,20.2,44.2,72.5
944,Today945,47,2022-06-08 22:00:00,22.5,11.2,75.5
945,Today946,78,2022-06-11 13:00:00,18.0,34.6,86.6
946,Today947,29,2022-06-09 06:00:00,15.7,34.5,111.5
947,Today948,11,2022-06-09 03:00:00,20.5,61.2,26.5
948,Today949,87,2022-06-10 14:00:00,27.6,64.9,125.1
949,Today950,97,2022-06-11 09:00:00,29.3,79.9,62.3
950,Today951,95,2022-06-11 13:00:00,16.1,31.0,92.8
951,Today952,32,2022-06-08 14:00:00,19.0,76.2,128.5
952,Today953,83,2022-06-08 13:00:00,18.3,18.0,103.5
953,Today954,35,2022-06-08 08:00:00,23.3,65.2,1.3
954,Today955,83,2022-06-09 12:00:00,28.8,75.6,148.4
955,Today956,11,2022-06-11 13:00:00,16.9,48.4,122.2
956,Today957,86,2022-06-09 05:00:00,27.4,76.6,52.6
957,Today958,83,2022-06-08 04:00:00,15.8,37.9,129.3
958,Today959,22,2022-06-10 14:00:00,23.0,36.7,117.9
959,Today960,63,2022-06-08 15:00:00,23.6,66.5,148.7
960,Today961,36,2022-06-10 17:00:00,16.6,53.1,104.0
961,Today962,6,2022-06-08 15:00:00,29.3,46.1,121.6
962,Today963,6,2022-06-11 07:00:00,25.4,77.0,23.1
963,Today964,40,2022-06-08 20:00:00,27.2,76.5,150.0
964,Today965,6,2022-06-11 00:00:00,27.7,35.8,123.4
965,Today966,51,2022-06-11 18:00:00,24.5,29.5,137.1
966,Today967,31,2022-06-10 04:00:00,28.6,28.8,65.2
967,Today968,49,2022-06-08 11:00:00,20.2,11.1,128.6
968,Today969,70,2022-06-09 22:00:00,21.2,28.6,58.8
969,Today970,79,2022-06-09 19:00:00,19.0,49.8,5.0
970,Today971,37,2022-06-11 03:00:00,15.2,73.8,5.9
971,Today972,66,2022-06-08 15:00:00,21.6,71.6,133.5
972,Today973,74,2022-06-09 05:00:00,18.4,56.1,140.1
973,Today974,49,2022-06-08 21:00:00,17.4,68.1,99.3
974,Today975,75,2022-06-09 19:00:00,24.4,79.6,132.7
975,Today976,70,2022-06-09 04:00:00,17.2,76.1,129.2
976,Today977,43,2022-06-09 13:00:00,19.9,42.1,64.9
977,Today978,44,2022-06-08 20:00:00,28.1,43.5,125.8
978,Today979,59,2022-06-11 14:00:00,16.4,28.0,26.8
979,Today980,51,2022-06-11 07:00:00,15.6,67.3,147.4
980,Today981,85,2022-06-09 00:00:00,19.4,77.2,90.1
981,Today982,1,2022-06-11 02:00:00,20.2,56.6,97.6
982,Today983,53,2022-06-11 02:00:00,24.6,37.3,57.1
983,Today984,4,2022-06-08 10:00:00,17.8,79.4,108.1
984,Today985,25,2022-06-08 14:00:00,23.4,37.5,15.3
985,Today986,15,2022-06-11 20:00:00,22.8,35.3,18.7
986,Today987,18,2022-06-10 21:00:00,19.3,76.9,130.2
987,Today988,3,2022-06-11 08:00:00,21.5,10.8,36.6
988,Today989,45,2022-06-10 13:00:00,27.4,21.2,122.0
989,Today990,5,2022-06-11 13:00:00,27.1,55.4,138.5
990,Today991,95,2022-06-09 02:00:00,18.0,51.2,5.6
991,Today992,57,2022-06-11 20:00:00,20.3,50.6,42.0
992,Today993,69,2022-06-08 07:00:00,29.8,18.3,20.8
993,Today994,2,2022-06-09 06:00:00,18.5,11.5,95.5
994,Today995,24,2022-06-08 14:00:00,23.7,70.1,42.4
995,Today996,31,2022-06-11 20:00:00,21.4,62.0,82.9
996,Today997,67,2022-06-11 11:00:00,23.6,31.0,71.0
997,Today998,75,2022-06-11 11:00:00,18.8,18.5,33.6
998,Today999,92,2022-06-10 00:00:00,16.8,60.7,49.6
999,Today1000,98,2022-06-08 05:00:00,15.1,11.7,132.7
